Query,Execution Time
query_35.sql,1.9162955284118652
query_55.sql,0.5519924163818359
query_98.sql,0.39975666999816895
query_index.sql,0.00031638145446777344
query_51.sql,1.1276259422302246
query_93.sql,0.9223332405090332
query_69.sql,0.4481935501098633
query_68.sql,0.7109003067016602
