Query,Execution Time
query_35.sql,0.8300971984863281
query_55.sql,0.45627641677856445
query_98.sql,0.08108973503112793
query_51.sql,0.33742260932922363
query_69.sql,0.2746896743774414
query_68.sql,0.33185625076293945
