Query,Execution Time
query_35.sql,2.5816574096679688
query_55.sql,1.1526126861572266
query_98.sql,0.22626781463623047
query_51.sql,1.0046803951263428
query_93.sql,1.0082135200500488
query_68_2.sql,0.9944937229156494
query_69.sql,0.7037601470947266
query_68.sql,1.0473148822784424
