thread_id,start_time,end_time,execution_time
Thread 4,1730289654.6918263,1730289721.7905703,67.09874391555786
Thread 3,1730289654.6084075,1730289722.044724,67.43631649017334
Thread 1,1730289654.59138,1730289723.386505,68.7951250076294
Thread 2,1730289654.6080797,1730289724.141652,69.53357243537903
Total,1730289654.5872588,1730289724.1629248,69.57566595077515
