thread_id,start_time,end_time,execution_time
Thread 3,1730211046.9912121,1730211070.5114813,23.52026915550232
Thread 1,1730211046.9481502,1730211070.5425763,23.594426155090332
Thread 2,1730211046.962331,1730211070.5640128,23.60168170928955
Thread 4,1730211047.0211904,1730211070.7488737,23.727683305740356
Total,1730211046.9466624,1730211070.762288,23.81562566757202
