thread_id,start_time,end_time,execution_time
Thread 3,1730277090.9261534,1730277114.652059,23.725905656814575
Thread 1,1730277090.832062,1730277114.8292892,23.99722719192505
Thread 2,1730277090.887065,1730277115.0267313,24.139666318893433
Thread 4,1730277090.9512863,1730277115.196837,24.245550632476807
Total,1730277090.81509,1730277115.206231,24.391141176223755
