thread_id,start_time,end_time,execution_time
Thread 1,1730211577.9367237,1730211608.4821498,30.5454261302948
Thread 3,1730211577.998408,1730211608.7046714,30.706263303756714
Thread 2,1730211577.957574,1730211609.0277836,31.070209741592407
Thread 4,1730211578.0588634,1730211609.417737,31.35887360572815
Total,1730211577.926288,1730211609.43696,31.510672092437744
