thread_id,start_time,end_time,execution_time
Thread 3,1730289528.8484836,1730289594.076259,65.22777533531189
Thread 2,1730289528.8481371,1730289594.9603164,66.11217927932739
Thread 1,1730289528.8318608,1730289595.2983224,66.46646165847778
Thread 4,1730289528.9187043,1730289595.928895,67.01019072532654
Total,1730289528.827212,1730289595.951668,67.12445592880249
