thread_id,start_time,end_time,execution_time
Thread 3,1730211313.370271,1730211357.189684,43.81941294670105
Thread 4,1730211313.4026206,1730211358.0086176,44.60599708557129
Thread 1,1730211313.3209882,1730211358.1547005,44.833712339401245
Thread 2,1730211313.3341238,1730211358.705673,45.371549129486084
Total,1730211313.3169637,1730211358.7237332,45.40676951408386
