thread_id,start_time,end_time,execution_time
Thread 3,1730277042.73638,1730277065.8200312,23.083651065826416
Thread 2,1730277042.704107,1730277066.126434,23.422327041625977
Thread 4,1730277042.774495,1730277066.525448,23.750953197479248
Thread 1,1730277042.6890433,1730277066.5261505,23.837107181549072
Total,1730277042.6854086,1730277066.5417166,23.856307983398438
