thread_id,start_time,end_time,execution_time
Thread 3,1730204468.9332566,1730204535.0302258,66.09696912765503
Thread 1,1730204468.8820214,1730204535.7063842,66.82436275482178
Thread 4,1730204468.9711473,1730204535.930019,66.95887160301208
Thread 2,1730204468.8968468,1730204536.2952948,67.39844799041748
Total,1730204468.8768528,1730204536.30831,67.43145728111267
