thread_id,start_time,end_time,execution_time
Thread 1,1730290115.213779,1730290159.0426495,43.82887053489685
Thread 4,1730290115.306313,1730290159.3694868,44.06317377090454
Thread 3,1730290115.2729359,1730290160.1294882,44.85655236244202
Thread 2,1730290115.2321095,1730290160.8429523,45.61084270477295
Total,1730290115.2087643,1730290160.8639457,45.65518140792847
