thread_id,start_time,end_time,execution_time
Thread 1,1730276944.931941,1730276968.8982973,23.96635627746582
Thread 2,1730276944.9478061,1730276968.903927,23.95612096786499
Thread 3,1730276944.948068,1730276969.0828726,24.134804725646973
Thread 4,1730276944.9865303,1730276969.3192382,24.33270788192749
Total,1730276944.9306805,1730276969.3361354,24.405454874038696
