thread_id,start_time,end_time,execution_time
Thread 3,1730211368.00897,1730211411.590016,43.58104586601257
Thread 4,1730211368.0451326,1730211412.5158374,44.470704793930054
Thread 2,1730211367.9700158,1730211412.8344226,44.86440682411194
Thread 1,1730211367.955056,1730211412.9997325,45.044676542282104
Total,1730211367.9503498,1730211413.0110772,45.06072735786438
