thread_id,start_time,end_time,execution_time
Thread 1,1730204388.3743432,1730204454.4264908,66.05214762687683
Thread 4,1730204388.473183,1730204454.6443145,66.17113161087036
Thread 2,1730204388.4014206,1730204454.9572616,66.5558409690857
Thread 3,1730204388.4392183,1730204456.350952,67.91173362731934
Total,1730204388.3686752,1730204456.3715637,68.00288844108582
