thread_id,start_time,end_time,execution_time
Thread 4,1730211540.6561482,1730211567.443823,26.78767490386963
Thread 1,1730211540.5744917,1730211567.5881069,27.013615131378174
Thread 3,1730211540.6184812,1730211567.7489297,27.130448579788208
Thread 2,1730211540.5882487,1730211568.113658,27.52540922164917
Total,1730211540.5706778,1730211568.1295443,27.558866500854492
