thread_id,start_time,end_time,execution_time
Thread 2,1730211016.6614711,1730211039.6234014,22.96193027496338
Thread 1,1730211016.647053,1730211039.797926,23.150872945785522
Thread 4,1730211016.7395308,1730211040.027138,23.287607192993164
Thread 3,1730211016.6965125,1730211040.257746,23.561233520507812
Total,1730211016.6366963,1730211040.269926,23.633229732513428
