thread_id,start_time,end_time,execution_time
Thread 3,1730290195.8612473,1730290254.4759212,58.61467385292053
Thread 2,1730290195.8174365,1730290254.4817336,58.664297103881836
Thread 1,1730290195.7816188,1730290255.0512822,59.26966333389282
Thread 4,1730290195.8913834,1730290255.0867894,59.19540596008301
Total,1730290195.7689486,1730290255.0995314,59.33058285713196
