thread_id,start_time,end_time,execution_time
Thread 3,1730276897.3166673,1730276920.2896109,22.972943544387817
Thread 1,1730276897.299895,1730276920.5963132,23.29641819000244
Thread 2,1730276897.316474,1730276920.7634249,23.446950912475586
Thread 4,1730276897.3560379,1730276920.96428,23.60824203491211
Total,1730276897.296064,1730276920.9770803,23.681016445159912
